Reaction,Value
R3,-63958372.37
R4,63958372.37246344
R1,-76131480.53
R2,76131480.53265694
