Reaction,Value
R3,-21319457.46
R4,21319457.457487818
R1,-25377160.18
R2,25377160.17755209
