Reaction,Value
R3,-85277829.83
R4,85277829.82995124
R1,-101508640.7
R2,101508640.71020932
