Reaction,Value
R3,-42638914.91
R4,42638914.91497561
R1,-50754320.36
R2,50754320.35510449
